﻿<?xml version="1.0" encoding="utf-8"?>
<Defs>

  <ThingDef Name="WWGun" ParentName="BaseMakeableGun" Abstract="True">
    <weaponTags>
      <li>Gun</li>
    </weaponTags>
    <tradeTags>
      <li>WeaponRanged</li>
    </tradeTags>
    <comps>
      <li Class="CompProperties_Biocodable"/>
    </comps>
  </ThingDef>
  
  <!-- 刺刀枪 -->
  <ThingDef ParentName="WWGun">
    <defName>WW_1903B</defName>
    <label>Springfield 1903 （bayonet）</label>
    <description>An ancient pattern bolt-action rifle.This gun is equipped with a bayonet.</description>
    <graphicData>
      <texPath>Weapons/WW_1903B</texPath>
      <graphicClass>Graphic_Single</graphicClass>
      <drawSize>1.78</drawSize>
    </graphicData>
    <soundInteract>Interact_Rifle</soundInteract>
    <weaponClasses>
      <li>LongShots</li>
    </weaponClasses>
    <statBases>
      <WorkToMake>12000</WorkToMake>
      <Mass>4.5</Mass>
      <AccuracyTouch>0.65</AccuracyTouch>
      <AccuracyShort>0.80</AccuracyShort>
      <AccuracyMedium>0.90</AccuracyMedium>
      <AccuracyLong>0.80</AccuracyLong>
      <RangedWeapon_Cooldown>1</RangedWeapon_Cooldown>
    </statBases>
    <costList>
      <Steel>50</Steel>
      <WoodLog>35</WoodLog>
      <ComponentIndustrial>3</ComponentIndustrial>
    </costList>
    <recipeMaker>
      <skillRequirements>
        <Crafting>5</Crafting>
      </skillRequirements>
      <displayPriority>415</displayPriority>
    </recipeMaker>
    <verbs>
      <li>
        <verbClass>Verb_Shoot</verbClass>
        <hasStandardCommand>true</hasStandardCommand>
        <defaultProjectile>Bullet_BoltActionRifle</defaultProjectile>
        <warmupTime>1.5</warmupTime>
        <range>36.9</range>
        <soundCast>Shot_BoltActionRifle</soundCast>
        <soundCastTail>GunTail_Heavy</soundCastTail>
        <muzzleFlashScale>9</muzzleFlashScale>
      </li>
    </verbs>
    <weaponTags>
      <li>WWGuns</li>
      <li>Bolt</li>
	        <li>Bayonet</li>
    </weaponTags>
    <tools>
      <li>
        <label>stock</label>
        <capacities>
          <li>Blunt</li>
        </capacities>
        <power>9</power>
        <cooldownTime>2</cooldownTime>
      </li>
      <li>
        <label>bayonet</label>
        <capacities>
          <li>Blunt</li>
          <li>Poke</li>
        </capacities>
        <power>15</power>
        <cooldownTime>1.5</cooldownTime>
      </li>
    </tools>
    <comps>
      <li Class="MYDE_ExGTWorldWar.CompProperties_GiveDashGizmos_Equipment"></li>
    </comps>
  </ThingDef>
  <ThingDef ParentName="WWGun">
    <defName>WW_1907B</defName>
    <label>Winchester 1907 （bayonet）</label>
    <description>An ancient semi-automatic rifle equipped with a bayonet.</description>
    <graphicData>
      <texPath>Weapons/WW_1907B</texPath>
      <graphicClass>Graphic_Single</graphicClass>
      <drawSize>1.78</drawSize>
    </graphicData>
    <soundInteract>Interact_Rifle</soundInteract>
    <weaponClasses>
      <li>LongShots</li>
    </weaponClasses>
    <statBases>
      <WorkToMake>12000</WorkToMake>
      <Mass>4.5</Mass>
      <AccuracyTouch>0.45</AccuracyTouch>
      <AccuracyShort>0.50</AccuracyShort>
      <AccuracyMedium>0.70</AccuracyMedium>
      <AccuracyLong>0.70</AccuracyLong>
      <RangedWeapon_Cooldown>0.8</RangedWeapon_Cooldown>
    </statBases>
    <costList>
      <Steel>70</Steel>
      <WoodLog>35</WoodLog>
      <ComponentIndustrial>3</ComponentIndustrial>
    </costList>
    <recipeMaker>
      <researchPrerequisite>BlowbackOperation</researchPrerequisite>
      <skillRequirements>
        <Crafting>5</Crafting>
      </skillRequirements>
      <displayPriority>415</displayPriority>
    </recipeMaker>
    <verbs>
      <li>
        <verbClass>Verb_Shoot</verbClass>
        <hasStandardCommand>true</hasStandardCommand>
        <defaultProjectile>Bullet_IntermediateCartridge</defaultProjectile>
        <warmupTime>0.9</warmupTime>
        <range>24.9</range>
        <burstShotCount>2</burstShotCount>
        <ticksBetweenBurstShots>30</ticksBetweenBurstShots>
        <soundCast>Shot_AssaultRifle</soundCast>
        <soundCastTail>GunTail_Medium</soundCastTail>
        <muzzleFlashScale>9</muzzleFlashScale>
      </li>
    </verbs>
    <weaponTags>
      <li>WWGuns</li>
      <li>Semi</li>
	  	        <li>Bayonet</li>
    </weaponTags>
    <tools>
      <li>
        <label>stock</label>
        <capacities>
          <li>Blunt</li>
        </capacities>
        <power>9</power>
        <cooldownTime>2</cooldownTime>
      </li>
      <li>
        <label>bayonet</label>
        <capacities>
          <li>Blunt</li>
          <li>Poke</li>
        </capacities>
        <power>15</power>
        <cooldownTime>1.5</cooldownTime>
      </li>
    </tools>
	    <comps>
      <li Class="MYDE_ExGTWorldWar.CompProperties_GiveDashGizmos_Equipment"></li>
    </comps>
  </ThingDef>
  
   <ThingDef ParentName="WWGun">
    <defName>WW_RSCB</defName>
    <label>RSC M1917 （bayonet）</label>
    <description>An ancient semi-automatic rifle equipped with a bayonet.</description>
    <graphicData>
      <texPath>Weapons/WW_RSCB</texPath>
      <graphicClass>Graphic_Single</graphicClass>
      <drawSize>1.95</drawSize>
    </graphicData>
    <soundInteract>Interact_Rifle</soundInteract>
    <weaponClasses>
      <li>LongShots</li>
    </weaponClasses>
    <statBases>
      <WorkToMake>12000</WorkToMake>
      <Mass>4.5</Mass>
      <AccuracyTouch>0.35</AccuracyTouch>
      <AccuracyShort>0.60</AccuracyShort>
      <AccuracyMedium>0.70</AccuracyMedium>
      <AccuracyLong>0.70</AccuracyLong>
      <RangedWeapon_Cooldown>0.8</RangedWeapon_Cooldown>
    </statBases>
    <costList>
      <Steel>70</Steel>
      <WoodLog>45</WoodLog>
      <ComponentIndustrial>3</ComponentIndustrial>
    </costList>
    <recipeMaker>
      <researchPrerequisite>GasOperation</researchPrerequisite>
      <skillRequirements>
        <Crafting>5</Crafting>
      </skillRequirements>
      <displayPriority>415</displayPriority>
    </recipeMaker>
    <verbs>
      <li>
        <verbClass>Verb_Shoot</verbClass>
        <hasStandardCommand>true</hasStandardCommand>
        <defaultProjectile>Bullet_BoltActionRifle</defaultProjectile>
        <warmupTime>1</warmupTime>
        <range>27.9</range>
        <burstShotCount>2</burstShotCount>
        <ticksBetweenBurstShots>40</ticksBetweenBurstShots>
        <soundCast>Shot_AssaultRifle</soundCast>
        <soundCastTail>GunTail_Medium</soundCastTail>
        <muzzleFlashScale>9</muzzleFlashScale>
      </li>
    </verbs>
    <weaponTags>
      <li>WWGuns</li>
      <li>Semi</li>
	  	        <li>Bayonet</li>
    </weaponTags>
    <tools>
      <li>
        <label>stock</label>
        <capacities>
          <li>Blunt</li>
        </capacities>
        <power>9</power>
        <cooldownTime>2</cooldownTime>
      </li>
      <li>
        <label>bayonet</label>
        <capacities>
          <li>Blunt</li>
          <li>Poke</li>
        </capacities>
        <power>15</power>
        <cooldownTime>1.5</cooldownTime>
      </li>
    </tools>
	    <comps>
      <li Class="MYDE_ExGTWorldWar.CompProperties_GiveDashGizmos_Equipment"></li>
    </comps>
  </ThingDef>
  
  
  <ThingDef ParentName="WWGun">
    <defName>WW_Auto5B</defName>
    <label>Auto5（bayonet）</label>
    <description>A reliable semi-automatic shotgun equipped with a bayonet.</description>
    <graphicData>
      <texPath>Weapons/WW_Auto5B</texPath>
      <graphicClass>Graphic_Single</graphicClass>
      <drawSize>1.78</drawSize>
    </graphicData>
    <soundInteract>Interact_Shotgun</soundInteract>
    <weaponClasses>
      <li>ShortShots</li>
    </weaponClasses>
    <recipeMaker>
      <researchPrerequisite>BlowbackOperation</researchPrerequisite>
      <skillRequirements>
        <Crafting>6</Crafting>
      </skillRequirements>
      <displayPriority>435</displayPriority>
    </recipeMaker>
    <thingSetMakerTags>
      <li>RewardStandardQualitySuper</li>
    </thingSetMakerTags>
    <statBases>
      <WorkToMake>31000</WorkToMake>
      <Mass>4.5</Mass>
      <AccuracyTouch>0.57</AccuracyTouch>
      <AccuracyShort>0.64</AccuracyShort>
      <AccuracyMedium>0.55</AccuracyMedium>
      <AccuracyLong>0.45</AccuracyLong>
      <RangedWeapon_Cooldown>0.9</RangedWeapon_Cooldown>
    </statBases>
    <costList>
      <Steel>85</Steel>
      <WoodLog>35</WoodLog>
      <ComponentIndustrial>3</ComponentIndustrial>
    </costList>
    <verbs>
      <li>
        <verbClass>Verb_Shoot</verbClass>
        <hasStandardCommand>true</hasStandardCommand>
        <defaultProjectile>Bullet_Shotgun</defaultProjectile>
        <warmupTime>1.25</warmupTime>
        <range>13.9</range>
        <burstShotCount>2</burstShotCount>
        <ticksBetweenBurstShots>30</ticksBetweenBurstShots>
        <soundCast>WW_Auto5_fire</soundCast>
        <soundCastTail>GunTail_Heavy</soundCastTail>
        <muzzleFlashScale>9</muzzleFlashScale>
      </li>
    </verbs>
    <weaponTags>
      <li>WWGuns</li>
      <li>Semi</li>
	  	        <li>Bayonet</li>
    </weaponTags>
    <tools>
      <li>
        <label>stock</label>
        <capacities>
          <li>Blunt</li>
        </capacities>
        <power>9</power>
        <cooldownTime>2</cooldownTime>
      </li>
      <li>
        <label>bayonet</label>
        <capacities>
          <li>Blunt</li>
          <li>Poke</li>
        </capacities>
        <power>15</power>
        <cooldownTime>1.5</cooldownTime>
      </li>
    </tools>
	    <comps>
      <li Class="MYDE_ExGTWorldWar.CompProperties_GiveDashGizmos_Equipment"></li>
    </comps>
  </ThingDef>
  <!-- 半自动 -->
  <ThingDef ParentName="WWGun">
    <defName>WW_1903Pederson</defName>
    <label>Springfield 1903 Pederson</label>
    <description>An ancient pattern bolt-action rifle.This gun can be converted to semi-automatic carbine for use.</description>
    <graphicData>
      <texPath>Weapons/WW_1903Pederson</texPath>
      <graphicClass>Graphic_Single</graphicClass>
      <drawSize>1.25</drawSize>
    </graphicData>
    <soundInteract>Interact_Rifle</soundInteract>
    <weaponClasses>
      <li>LongShots</li>
    </weaponClasses>
    <statBases>
      <WorkToMake>12000</WorkToMake>
      <Mass>4.5</Mass>
      <AccuracyTouch>0.45</AccuracyTouch>
      <AccuracyShort>0.60</AccuracyShort>
      <AccuracyMedium>0.70</AccuracyMedium>
      <AccuracyLong>0.50</AccuracyLong>
      <RangedWeapon_Cooldown>1</RangedWeapon_Cooldown>
    </statBases>
    <costList>
      <Steel>50</Steel>
      <WoodLog>35</WoodLog>
      <ComponentIndustrial>3</ComponentIndustrial>
    </costList>
    <recipeMaker>
      <researchPrerequisite>BlowbackOperation</researchPrerequisite>
      <skillRequirements>
        <Crafting>5</Crafting>
      </skillRequirements>
      <displayPriority>415</displayPriority>
    </recipeMaker>
    <verbs>
      <li>
        <verbClass>Verb_Shoot</verbClass>
        <hasStandardCommand>true</hasStandardCommand>
        <defaultProjectile>Bullet_300Carbine</defaultProjectile>
        <warmupTime>0.8</warmupTime>
        <range>20.9</range>
        <burstShotCount>2</burstShotCount>
        <ticksBetweenBurstShots>30</ticksBetweenBurstShots>
        <soundCast>Shot_AssaultRifle</soundCast>
        <soundCastTail>GunTail_Medium</soundCastTail>
        <muzzleFlashScale>9</muzzleFlashScale>
      </li>
    </verbs>
    <comps>
      <li Class="WeaponUtilityIII.CompProperties_SecondaryVerb">
        <verbProps>
          <verbClass>Verb_Shoot</verbClass>
          <hasStandardCommand>true</hasStandardCommand>
          <defaultProjectile>Bullet_BoltActionRifle</defaultProjectile>
          <warmupTime>1.5</warmupTime>
          <range>36.9</range>
          <soundCast>Shot_BoltActionRifle</soundCast>
          <soundCastTail>GunTail_Heavy</soundCastTail>
          <muzzleFlashScale>9</muzzleFlashScale>
        </verbProps>
        <mainWeaponLabel>Carbine</mainWeaponLabel>
        <mainCommandIcon>UI/Carbine</mainCommandIcon>
        <secondaryWeaponLabel>Rifle</secondaryWeaponLabel>
        <secondaryCommandIcon>UI/Bolt</secondaryCommandIcon>
        <description>Secondary Weapon</description>
      </li>
    </comps>
    <weaponTags>
	 <li>Gun</li>
      <li>SimpleGun</li>
      <li>WWGuns</li>
      <li>Semi</li>
    </weaponTags>
    <tools>
      <li>
        <label>stock</label>
        <capacities>
          <li>Blunt</li>
        </capacities>
        <power>9</power>
        <cooldownTime>2</cooldownTime>
      </li>
      <li>
        <label>barrel</label>
        <capacities>
          <li>Blunt</li>
          <li>Poke</li>
        </capacities>
        <power>10</power>
        <cooldownTime>2</cooldownTime>
      </li>
    </tools>
  </ThingDef>
  <ThingDef ParentName="BaseBullet">
    <defName>Bullet_300Carbine</defName>
    <label>carbine bullet</label>
    <graphicData>
      <texPath>Things/Projectile/Bullet_Small</texPath>
      <graphicClass>Graphic_Single</graphicClass>
    </graphicData>
    <projectile>
      <damageDef>Bullet</damageDef>
      <damageAmountBase>11</damageAmountBase>
      <speed>70</speed>
    </projectile>
  </ThingDef>
  
  <ThingDef ParentName="WWGun">
    <defName>WW_1907Semi</defName>
    <label>Winchester 1907</label>
    <description>An ancient semi-automatic rifle.</description>
    <graphicData>
      <texPath>Weapons/WW_1907Semi</texPath>
      <graphicClass>Graphic_Single</graphicClass>
      <drawSize>1.25</drawSize>
    </graphicData>
    <soundInteract>Interact_Rifle</soundInteract>
    <weaponClasses>
      <li>LongShots</li>
    </weaponClasses>
    <statBases>
      <WorkToMake>12000</WorkToMake>
      <Mass>4.5</Mass>
      <AccuracyTouch>0.45</AccuracyTouch>
      <AccuracyShort>0.50</AccuracyShort>
      <AccuracyMedium>0.70</AccuracyMedium>
      <AccuracyLong>0.70</AccuracyLong>
      <RangedWeapon_Cooldown>0.8</RangedWeapon_Cooldown>
    </statBases>
    <costList>
      <Steel>80</Steel>
      <WoodLog>35</WoodLog>
      <ComponentIndustrial>3</ComponentIndustrial>
    </costList>
    <recipeMaker>
      <researchPrerequisite>BlowbackOperation</researchPrerequisite>
      <skillRequirements>
        <Crafting>5</Crafting>
      </skillRequirements>
      <displayPriority>415</displayPriority>
    </recipeMaker>
    <verbs>
      <li>
        <verbClass>Verb_Shoot</verbClass>
        <hasStandardCommand>true</hasStandardCommand>
        <defaultProjectile>Bullet_IntermediateCartridge</defaultProjectile>
        <warmupTime>0.9</warmupTime>
        <range>24.9</range>
        <burstShotCount>2</burstShotCount>
        <ticksBetweenBurstShots>30</ticksBetweenBurstShots>
        <soundCast>Shot_AssaultRifle</soundCast>
        <soundCastTail>GunTail_Medium</soundCastTail>
        <muzzleFlashScale>9</muzzleFlashScale>
      </li>
    </verbs>
    <comps>
      <li Class="WeaponUtilityIII.CompProperties_SecondaryVerb">
        <verbProps>
          <label>throw frag grenade</label>
          <verbClass>Verb_LaunchProjectile</verbClass>
          <hasStandardCommand>true</hasStandardCommand>
          <range>29.9</range>
          <forcedMissRadius>1.9</forcedMissRadius>
          <warmupTime>3.5</warmupTime>
          <noiseRadius>4</noiseRadius>
          <ai_IsBuildingDestroyer>true</ai_IsBuildingDestroyer>
     <soundCast>Shot_IncendiaryLauncher</soundCast>
          <targetParams>
            <canTargetLocations>true</canTargetLocations>
          </targetParams>
          <defaultProjectile>Proj_GrenadeFrag</defaultProjectile>
          <rangedFireRulepack>Combat_RangedFire_Thrown</rangedFireRulepack>
        </verbProps>
        <mainWeaponLabel>Rifle</mainWeaponLabel>
        <mainCommandIcon>UI/Rifle</mainCommandIcon>
        <secondaryWeaponLabel>Grenade</secondaryWeaponLabel>
        <secondaryCommandIcon>UI/Grenade</secondaryCommandIcon>
        <description>Secondary Weapon</description>
      </li>
    </comps>
    <weaponTags>
	 <li>Gun</li>
	      <li>SimpleGun</li>
      <li>WWGuns</li>
      <li>Semi</li>
    </weaponTags>
    <tools>
      <li>
        <label>stock</label>
        <capacities>
          <li>Blunt</li>
        </capacities>
        <power>9</power>
        <cooldownTime>2</cooldownTime>
      </li>
      <li>
        <label>barrel</label>
        <capacities>
          <li>Blunt</li>
          <li>Poke</li>
        </capacities>
        <power>10</power>
        <cooldownTime>2</cooldownTime>
      </li>
    </tools>
  </ThingDef>
  <ThingDef ParentName="WWGun">
    <defName>WW_FaquarHill</defName>
    <label>FaquarHill</label>
    <description>An ancient semi-automatic rifle.</description>
    <graphicData>
      <texPath>Weapons/WW_FaquarHill</texPath>
      <graphicClass>Graphic_Single</graphicClass>
      <drawSize>1.25</drawSize>
    </graphicData>
    <soundInteract>Interact_Rifle</soundInteract>
    <weaponClasses>
      <li>LongShots</li>
    </weaponClasses>
    <statBases>
      <WorkToMake>12000</WorkToMake>
      <Mass>4.5</Mass>
      <AccuracyTouch>0.35</AccuracyTouch>
      <AccuracyShort>0.50</AccuracyShort>
      <AccuracyMedium>0.80</AccuracyMedium>
      <AccuracyLong>0.70</AccuracyLong>
      <RangedWeapon_Cooldown>0.8</RangedWeapon_Cooldown>
    </statBases>
    <costList>
      <Steel>90</Steel>
      <WoodLog>35</WoodLog>
      <ComponentIndustrial>3</ComponentIndustrial>
    </costList>
    <recipeMaker>
      <researchPrerequisite>BlowbackOperation</researchPrerequisite>
      <skillRequirements>
        <Crafting>5</Crafting>
      </skillRequirements>
      <displayPriority>415</displayPriority>
    </recipeMaker>
    <verbs>
      <li>
        <verbClass>Verb_Shoot</verbClass>
        <hasStandardCommand>true</hasStandardCommand>
        <defaultProjectile>Bullet_BoltActionRifle</defaultProjectile>
        <warmupTime>1.5</warmupTime>
        <range>25.9</range>
        <burstShotCount>2</burstShotCount>
        <ticksBetweenBurstShots>20</ticksBetweenBurstShots>
        <soundCast>Shot_AssaultRifle</soundCast>
        <soundCastTail>GunTail_Medium</soundCastTail>
        <muzzleFlashScale>9</muzzleFlashScale>
      </li>
    </verbs>
    <comps>
      <li Class="WeaponUtilityIII.CompProperties_SecondaryVerb">
        <verbProps>
          <label>throw frag grenade</label>
          <verbClass>Verb_LaunchProjectile</verbClass>
          <hasStandardCommand>true</hasStandardCommand>
          <range>20.9</range>
          <forcedMissRadius>1.9</forcedMissRadius>
          <warmupTime>3.5</warmupTime>
          <noiseRadius>4</noiseRadius>
          <ai_IsBuildingDestroyer>true</ai_IsBuildingDestroyer>
    <soundCast>Shot_IncendiaryLauncher</soundCast>
          <targetParams>
            <canTargetLocations>true</canTargetLocations>
          </targetParams>
          <defaultProjectile>Proj_GrenadeFrag</defaultProjectile>
          <rangedFireRulepack>Combat_RangedFire_Thrown</rangedFireRulepack>
        </verbProps>
        <mainWeaponLabel>Rifle</mainWeaponLabel>
        <mainCommandIcon>UI/Rifle</mainCommandIcon>
        <secondaryWeaponLabel>Grenade</secondaryWeaponLabel>
        <secondaryCommandIcon>UI/Grenade</secondaryCommandIcon>
        <description>Secondary Weapon</description>
      </li>
    </comps>
    <weaponTags>
      <li>WWGuns</li>
      <li>Semi</li>
    </weaponTags>
    <tools>
      <li>
        <label>stock</label>
        <capacities>
          <li>Blunt</li>
        </capacities>
        <power>9</power>
        <cooldownTime>2</cooldownTime>
      </li>
      <li>
        <label>barrel</label>
        <capacities>
          <li>Blunt</li>
          <li>Poke</li>
        </capacities>
        <power>10</power>
        <cooldownTime>2</cooldownTime>
      </li>
    </tools>
  </ThingDef>
  <ThingDef ParentName="WWGun">
    <defName>WW_MaximSemi</defName>
    <label>Maxim Semi</label>
    <description>An ancient Maxim semi-automatic rifle.</description>
    <graphicData>
      <texPath>Weapons/WW_MaximSemi</texPath>
      <graphicClass>Graphic_Single</graphicClass>
      <drawSize>1.25</drawSize>
    </graphicData>
    <soundInteract>Interact_Rifle</soundInteract>
    <weaponClasses>
      <li>LongShots</li>
    </weaponClasses>
    <statBases>
      <WorkToMake>12000</WorkToMake>
      <Mass>4.5</Mass>
      <AccuracyTouch>0.35</AccuracyTouch>
      <AccuracyShort>0.50</AccuracyShort>
      <AccuracyMedium>0.90</AccuracyMedium>
      <AccuracyLong>0.70</AccuracyLong>
      <RangedWeapon_Cooldown>0.8</RangedWeapon_Cooldown>
    </statBases>
    <costList>
      <Steel>60</Steel>
      <WoodLog>45</WoodLog>
      <ComponentIndustrial>3</ComponentIndustrial>
    </costList>
    <recipeMaker>
      <researchPrerequisite>BlowbackOperation</researchPrerequisite>
      <skillRequirements>
        <Crafting>5</Crafting>
      </skillRequirements>
      <displayPriority>415</displayPriority>
    </recipeMaker>
    <verbs>
      <li>
        <verbClass>Verb_Shoot</verbClass>
        <hasStandardCommand>true</hasStandardCommand>
        <defaultProjectile>Bullet_BoltActionRifle</defaultProjectile>
        <warmupTime>1.5</warmupTime>
        <range>25.9</range>
        <burstShotCount>2</burstShotCount>
        <ticksBetweenBurstShots>40</ticksBetweenBurstShots>
        <soundCast>Shot_AssaultRifle</soundCast>
        <soundCastTail>GunTail_Medium</soundCastTail>
        <muzzleFlashScale>9</muzzleFlashScale>
      </li>
    </verbs>
    <comps>
      <li Class="WeaponUtilityIII.CompProperties_SecondaryVerb">
        <verbProps>
          <label>throw frag grenade</label>
          <verbClass>Verb_LaunchProjectile</verbClass>
          <hasStandardCommand>true</hasStandardCommand>
          <range>20.9</range>
          <forcedMissRadius>1.9</forcedMissRadius>
          <warmupTime>3.5</warmupTime>
          <noiseRadius>4</noiseRadius>
          <ai_IsBuildingDestroyer>true</ai_IsBuildingDestroyer>
    <soundCast>Shot_IncendiaryLauncher</soundCast>
          <targetParams>
            <canTargetLocations>true</canTargetLocations>
          </targetParams>
          <defaultProjectile>Proj_GrenadeFrag</defaultProjectile>
          <rangedFireRulepack>Combat_RangedFire_Thrown</rangedFireRulepack>
        </verbProps>
        <mainWeaponLabel>Rifle</mainWeaponLabel>
        <mainCommandIcon>UI/Rifle</mainCommandIcon>
        <secondaryWeaponLabel>Grenade</secondaryWeaponLabel>
        <secondaryCommandIcon>UI/Grenade</secondaryCommandIcon>
        <description>Secondary Weapon</description>
      </li>
    </comps>
    <weaponTags>
      <li>WWGuns</li>
      <li>Semi</li>
    </weaponTags>
    <tools>
      <li>
        <label>stock</label>
        <capacities>
          <li>Blunt</li>
        </capacities>
        <power>9</power>
        <cooldownTime>2</cooldownTime>
      </li>
      <li>
        <label>barrel</label>
        <capacities>
          <li>Blunt</li>
          <li>Poke</li>
        </capacities>
        <power>10</power>
        <cooldownTime>2</cooldownTime>
      </li>
    </tools>
  </ThingDef>
  <ThingDef ParentName="WWGun">
    <defName>WW_Auto5A</defName>
    <label>Auto5</label>
    <description>A reliable semi-automatic shotgun.</description>
    <graphicData>
      <texPath>Weapons/WW_Auto5</texPath>
      <graphicClass>Graphic_Single</graphicClass>
      <drawSize>1.25</drawSize>
    </graphicData>
    <soundInteract>Interact_Shotgun</soundInteract>
    <weaponClasses>
      <li>ShortShots</li>
    </weaponClasses>
    <recipeMaker>
      <researchPrerequisite>BlowbackOperation</researchPrerequisite>
      <skillRequirements>
        <Crafting>6</Crafting>
      </skillRequirements>
      <displayPriority>435</displayPriority>
    </recipeMaker>
    <thingSetMakerTags>
      <li>RewardStandardQualitySuper</li>
    </thingSetMakerTags>
    <statBases>
      <WorkToMake>31000</WorkToMake>
      <Mass>4.5</Mass>
      <AccuracyTouch>0.57</AccuracyTouch>
      <AccuracyShort>0.64</AccuracyShort>
      <AccuracyMedium>0.55</AccuracyMedium>
      <AccuracyLong>0.45</AccuracyLong>
      <RangedWeapon_Cooldown>0.9</RangedWeapon_Cooldown>
    </statBases>
    <costList>
      <Steel>55</Steel>
      <WoodLog>35</WoodLog>
      <ComponentIndustrial>3</ComponentIndustrial>
    </costList>
    <verbs>
      <li>
        <verbClass>Verb_Shoot</verbClass>
        <hasStandardCommand>true</hasStandardCommand>
        <defaultProjectile>Bullet_Shotgun</defaultProjectile>
        <warmupTime>1.25</warmupTime>
        <range>13.9</range>
        <burstShotCount>2</burstShotCount>
        <ticksBetweenBurstShots>30</ticksBetweenBurstShots>
        <soundCast>WW_Auto5_fire</soundCast>
        <soundCastTail>GunTail_Heavy</soundCastTail>
        <muzzleFlashScale>9</muzzleFlashScale>
      </li>
    </verbs>
    <weaponTags>
	 <li>Gun</li>
      <li>ShortShots</li>
      <li>WWGuns</li>
      <li>AUTO5</li>
      <li>Semi</li>
    </weaponTags>
    <tools>
      <li>
        <label>stock</label>
        <capacities>
          <li>Blunt</li>
        </capacities>
        <power>9</power>
        <cooldownTime>2</cooldownTime>
      </li>
      <li>
        <label>barrel</label>
        <capacities>
          <li>Blunt</li>
          <li>Poke</li>
        </capacities>
        <power>10</power>
        <cooldownTime>2</cooldownTime>
      </li>
    </tools>
  </ThingDef>
  <!-- 全自动 -->
  <ThingDef ParentName="WWGun">
    <defName>WW_1907IronBroom</defName>
    <label>Winchester “Iron Broom”</label>
    <description>Transformed into a fully automatic Winchester rifle,Equipped with a large bullet drum</description>
    <graphicData>
      <texPath>Weapons/WW_1907IronBroom</texPath>
      <graphicClass>Graphic_Single</graphicClass>
      <drawSize>1.25</drawSize>
    </graphicData>
    <soundInteract>Interact_Rifle</soundInteract>
    <weaponClasses>
      <li>LongShots</li>
    </weaponClasses>
    <statBases>
      <WorkToMake>12000</WorkToMake>
      <Mass>4.5</Mass>
      <AccuracyTouch>0.35</AccuracyTouch>
      <AccuracyShort>0.60</AccuracyShort>
      <AccuracyMedium>0.60</AccuracyMedium>
      <AccuracyLong>0.50</AccuracyLong>
      <RangedWeapon_Cooldown>1.2</RangedWeapon_Cooldown>
    </statBases>
    <costList>
      <Steel>120</Steel>
      <WoodLog>45</WoodLog>
      <ComponentIndustrial>4</ComponentIndustrial>
    </costList>
    <recipeMaker>
      <researchPrerequisite>BlowbackOperation</researchPrerequisite>
      <skillRequirements>
        <Crafting>5</Crafting>
      </skillRequirements>
      <displayPriority>415</displayPriority>
    </recipeMaker>
    <verbs>
      <li>
        <verbClass>Verb_Shoot</verbClass>
        <hasStandardCommand>true</hasStandardCommand>
        <defaultProjectile>Bullet_IntermediateCartridge</defaultProjectile>
        <warmupTime>1.5</warmupTime>
        <range>22.9</range>
        <burstShotCount>4</burstShotCount>
        <ticksBetweenBurstShots>6</ticksBetweenBurstShots>
        <soundCast>Shot_AssaultRifle</soundCast>
        <soundCastTail>GunTail_Medium</soundCastTail>
        <muzzleFlashScale>9</muzzleFlashScale>
      </li>
    </verbs>
    <weaponTags>
      <li>WWGuns</li>
      <li>Auto</li>
    </weaponTags>
    <tools>
      <li>
        <label>stock</label>
        <capacities>
          <li>Blunt</li>
        </capacities>
        <power>9</power>
        <cooldownTime>2</cooldownTime>
      </li>
      <li>
        <label>barrel</label>
        <capacities>
          <li>Blunt</li>
          <li>Poke</li>
        </capacities>
        <power>10</power>
        <cooldownTime>2</cooldownTime>
      </li>
    </tools>
  </ThingDef>
  
   <ThingDef ParentName="WWGun">
    <defName>WW_1907Sight</defName>
    <label>Winchester “Sight”</label>
    <description>Transformed into a fully automatic Winchester rifle，equip with a sight.</description>
    <graphicData>
      <texPath>Weapons/WW_1907Sight</texPath>
      <graphicClass>Graphic_Single</graphicClass>
      <drawSize>1.25</drawSize>
    </graphicData>
    <soundInteract>Interact_Rifle</soundInteract>
    <weaponClasses>
      <li>LongShots</li>
    </weaponClasses>
    <statBases>
      <WorkToMake>12000</WorkToMake>
      <Mass>4.5</Mass>
      <AccuracyTouch>0.55</AccuracyTouch>
      <AccuracyShort>0.60</AccuracyShort>
      <AccuracyMedium>0.66</AccuracyMedium>
      <AccuracyLong>0.90</AccuracyLong>
      <RangedWeapon_Cooldown>1.2</RangedWeapon_Cooldown>
    </statBases>
    <costList>
      <Steel>110</Steel>
      <WoodLog>45</WoodLog>
      <ComponentIndustrial>4</ComponentIndustrial>
    </costList>
    <recipeMaker>
      <researchPrerequisite>BlowbackOperation</researchPrerequisite>
      <skillRequirements>
        <Crafting>5</Crafting>
      </skillRequirements>
      <displayPriority>415</displayPriority>
    </recipeMaker>
    <verbs>
      <li>
        <verbClass>Verb_Shoot</verbClass>
        <hasStandardCommand>true</hasStandardCommand>
        <defaultProjectile>Bullet_IntermediateCartridge</defaultProjectile>
        <warmupTime>1.5</warmupTime>
        <range>26.9</range>
        <burstShotCount>3</burstShotCount>
        <ticksBetweenBurstShots>10</ticksBetweenBurstShots>
        <soundCast>Shot_AssaultRifle</soundCast>
        <soundCastTail>GunTail_Medium</soundCastTail>
        <muzzleFlashScale>9</muzzleFlashScale>
      </li>
    </verbs>
    <weaponTags>
      <li>WWGuns</li>
      <li>Auto</li>
    </weaponTags>
    <tools>
      <li>
        <label>stock</label>
        <capacities>
          <li>Blunt</li>
        </capacities>
        <power>9</power>
        <cooldownTime>2</cooldownTime>
      </li>
      <li>
        <label>barrel</label>
        <capacities>
          <li>Blunt</li>
          <li>Poke</li>
        </capacities>
        <power>10</power>
        <cooldownTime>2</cooldownTime>
      </li>
    </tools>
  </ThingDef>
  
    <ThingDef ParentName="WWGun">
    <defName>WW_1907Auto</defName>
    <label>Winchester “auto”</label>
    <description>Transformed into a fully automatic Winchester rifle，Full auto.</description>
    <graphicData>
      <texPath>Weapons/WW_1907Auto</texPath>
      <graphicClass>Graphic_Single</graphicClass>
      <drawSize>1.25</drawSize>
    </graphicData>
    <soundInteract>Interact_Rifle</soundInteract>
    <weaponClasses>
      <li>LongShots</li>
    </weaponClasses>
    <statBases>
      <WorkToMake>12000</WorkToMake>
      <Mass>4.5</Mass>
      <AccuracyTouch>0.65</AccuracyTouch>
      <AccuracyShort>0.50</AccuracyShort>
      <AccuracyMedium>0.60</AccuracyMedium>
      <AccuracyLong>0.50</AccuracyLong>
      <RangedWeapon_Cooldown>1.2</RangedWeapon_Cooldown>
    </statBases>
    <costList>
      <Steel>90</Steel>
      <WoodLog>45</WoodLog>
      <ComponentIndustrial>4</ComponentIndustrial>
    </costList>
    <recipeMaker>
      <researchPrerequisite>BlowbackOperation</researchPrerequisite>
      <skillRequirements>
        <Crafting>5</Crafting>
      </skillRequirements>
      <displayPriority>415</displayPriority>
    </recipeMaker>
    <verbs>
      <li>
        <verbClass>Verb_Shoot</verbClass>
        <hasStandardCommand>true</hasStandardCommand>
        <defaultProjectile>Bullet_IntermediateCartridge</defaultProjectile>
        <warmupTime>1.5</warmupTime>
        <range>22.9</range>
        <burstShotCount>3</burstShotCount>
        <ticksBetweenBurstShots>10</ticksBetweenBurstShots>
        <soundCast>Shot_AssaultRifle</soundCast>
        <soundCastTail>GunTail_Medium</soundCastTail>
        <muzzleFlashScale>9</muzzleFlashScale>
      </li>
    </verbs>
    <weaponTags>
      <li>ShortShots</li>
      <li>WWGuns</li>
      <li>Auto</li>
    </weaponTags>
    <tools>
      <li>
        <label>stock</label>
        <capacities>
          <li>Blunt</li>
        </capacities>
        <power>9</power>
        <cooldownTime>2</cooldownTime>
      </li>
      <li>
        <label>barrel</label>
        <capacities>
          <li>Blunt</li>
          <li>Poke</li>
        </capacities>
        <power>10</power>
        <cooldownTime>2</cooldownTime>
      </li>
    </tools>
  </ThingDef>
  
  <ThingDef ParentName="WWGun">
    <defName>WW_RSC</defName>
    <label>RSC smg</label>
    <description>A submachine gun modified from a semi-automatic rifle, considered the ancestor of modern PDW.</description>
    <graphicData>
      <texPath>Weapons/WW_RSC</texPath>
      <graphicClass>Graphic_Single</graphicClass>
      <drawSize>1.25</drawSize>
    </graphicData>
    <soundInteract>Interact_Rifle</soundInteract>
    <weaponClasses>
      <li>ShortShots</li>
      <li>RangedHeavy</li>
    </weaponClasses>
    <statBases>
      <WorkToMake>12000</WorkToMake>
      <Mass>3.5</Mass>
      <AccuracyTouch>0.65</AccuracyTouch>
      <AccuracyShort>0.65</AccuracyShort>
      <AccuracyMedium>0.45</AccuracyMedium>
      <AccuracyLong>0.20</AccuracyLong>
      <RangedWeapon_Cooldown>2</RangedWeapon_Cooldown>
    </statBases>
    <costList>
      <Steel>60</Steel>
      <WoodLog>25</WoodLog>
      <ComponentIndustrial>4</ComponentIndustrial>
    </costList>
    <recipeMaker>
      <researchPrerequisite>GasOperation</researchPrerequisite>
      <skillRequirements>
        <Crafting>5</Crafting>
      </skillRequirements>
      <displayPriority>415</displayPriority>
    </recipeMaker>
    <verbs>
      <li>
        <verbClass>Verb_Shoot</verbClass>
        <hasStandardCommand>true</hasStandardCommand>
        <defaultProjectile>Bullet_BoltActionRifle</defaultProjectile>
        <warmupTime>0.9</warmupTime>
        <range>20.9</range>
        <burstShotCount>2</burstShotCount>
        <ticksBetweenBurstShots>8</ticksBetweenBurstShots>
        <soundCast>Shot_AssaultRifle</soundCast>
        <soundCastTail>GunTail_Medium</soundCastTail>
        <muzzleFlashScale>9</muzzleFlashScale>
      </li>
    </verbs>
    <weaponTags>
      <li>WWGuns</li>
      <li>Auto</li>
    </weaponTags>
    <tools>
      <li>
        <label>stock</label>
        <capacities>
          <li>Blunt</li>
        </capacities>
        <power>9</power>
        <cooldownTime>2</cooldownTime>
      </li>
      <li>
        <label>barrel</label>
        <capacities>
          <li>Blunt</li>
          <li>Poke</li>
        </capacities>
        <power>10</power>
        <cooldownTime>2</cooldownTime>
      </li>
    </tools>
  </ThingDef>
  <ThingDef ParentName="WWGun">
    <defName>WW_RSCH</defName>
    <label>RSC smg （Extended）</label>
    <description>A submachine gun modified from a semi-automatic rifle, considered the ancestor of modern PDW.Extended magazine with 20 rounds.</description>
    <graphicData>
      <texPath>Weapons/WW_RSCH</texPath>
      <graphicClass>Graphic_Single</graphicClass>
      <drawSize>1.25</drawSize>
    </graphicData>
    <soundInteract>Interact_Rifle</soundInteract>
    <weaponClasses>
      <li>ShortShots</li>
      <li>RangedHeavy</li>
    </weaponClasses>
    <statBases>
      <WorkToMake>12000</WorkToMake>
      <Mass>3.5</Mass>
      <AccuracyTouch>0.55</AccuracyTouch>
      <AccuracyShort>0.65</AccuracyShort>
      <AccuracyMedium>0.45</AccuracyMedium>
      <AccuracyLong>0.20</AccuracyLong>
      <RangedWeapon_Cooldown>2.3</RangedWeapon_Cooldown>
    </statBases>
    <costList>
      <Steel>60</Steel>
      <WoodLog>25</WoodLog>
      <ComponentIndustrial>4</ComponentIndustrial>
    </costList>
    <recipeMaker>
      <researchPrerequisite>GasOperation</researchPrerequisite>
      <skillRequirements>
        <Crafting>5</Crafting>
      </skillRequirements>
      <displayPriority>415</displayPriority>
    </recipeMaker>
    <verbs>
      <li>
        <verbClass>Verb_Shoot</verbClass>
        <hasStandardCommand>true</hasStandardCommand>
        <defaultProjectile>Bullet_BoltActionRifle</defaultProjectile>
        <warmupTime>0.9</warmupTime>
        <range>20.9</range>
        <burstShotCount>3</burstShotCount>
        <ticksBetweenBurstShots>8</ticksBetweenBurstShots>
        <soundCast>Shot_AssaultRifle</soundCast>
        <soundCastTail>GunTail_Medium</soundCastTail>
        <muzzleFlashScale>9</muzzleFlashScale>
      </li>
    </verbs>
    <weaponTags>
      <li>WWGuns</li>
      <li>Auto</li>
    </weaponTags>
    <tools>
      <li>
        <label>stock</label>
        <capacities>
          <li>Blunt</li>
        </capacities>
        <power>9</power>
        <cooldownTime>2</cooldownTime>
      </li>
      <li>
        <label>barrel</label>
        <capacities>
          <li>Blunt</li>
          <li>Poke</li>
        </capacities>
        <power>10</power>
        <cooldownTime>2</cooldownTime>
      </li>
    </tools>
  </ThingDef>
  <ThingDef ParentName="WWGun">
    <defName>WW_Perosa</defName>
    <label>Perosa smg</label>
    <description>The first experimental submachine gun, made up of two high-speed submachine guns, is extremely lethal at close range.</description>
    <graphicData>
      <texPath>Weapons/WW_Perosa</texPath>
      <graphicClass>Graphic_Single</graphicClass>
      <drawSize>1.35</drawSize>
    </graphicData>
    <soundInteract>Interact_Rifle</soundInteract>
    <weaponClasses>
      <li>ShortShots</li>
      <li>RangedHeavy</li>
    </weaponClasses>
    <statBases>
      <WorkToMake>11000</WorkToMake>
      <Mass>2.5</Mass>
      <AccuracyTouch>0.60</AccuracyTouch>
      <AccuracyShort>0.85</AccuracyShort>
      <AccuracyMedium>0.55</AccuracyMedium>
      <AccuracyLong>0.15</AccuracyLong>
      <RangedWeapon_Cooldown>0.9</RangedWeapon_Cooldown>
    </statBases>
    <costList>
      <Steel>60</Steel>
      <ComponentIndustrial>4</ComponentIndustrial>
    </costList>
    <recipeMaker>
      <researchPrerequisite>GasOperation</researchPrerequisite>
      <skillRequirements>
        <Crafting>5</Crafting>
      </skillRequirements>
      <displayPriority>415</displayPriority>
    </recipeMaker>
    <verbs>
      <li>
        <verbClass>Verb_Shoot</verbClass>
        <hasStandardCommand>true</hasStandardCommand>
        <defaultProjectile>Bullet_MachinePistol</defaultProjectile>
        <warmupTime>0.5</warmupTime>
        <range>19.9</range>
        <burstShotCount>8</burstShotCount>
        <ticksBetweenBurstShots>2</ticksBetweenBurstShots>
        <soundCast>Shot_MachinePistol</soundCast>
        <soundCastTail>GunTail_Light</soundCastTail>
        <muzzleFlashScale>9</muzzleFlashScale>
      </li>
    </verbs>
    <weaponTags>
      <li>Perosa</li>
    </weaponTags>
    <tools>
      <li>
        <label>stock</label>
        <capacities>
          <li>Blunt</li>
        </capacities>
        <power>9</power>
        <cooldownTime>2</cooldownTime>
      </li>
      <li>
        <label>barrel</label>
        <capacities>
          <li>Blunt</li>
          <li>Poke</li>
        </capacities>
        <power>10</power>
        <cooldownTime>2</cooldownTime>
      </li>
    </tools>
  </ThingDef>
  <ThingDef ParentName="WWGun">
    <defName>WW_Mg15A</defName>
    <label>MG15 na</label>
    <description>A lightweight aircraft machine gun that can also be used by infantry.</description>
    <graphicData>
      <texPath>Weapons/WW_Mg15</texPath>
      <graphicClass>Graphic_Single</graphicClass>
      <drawSize>1.4</drawSize>
    </graphicData>
    <soundInteract>Interact_Rifle</soundInteract>
    <weaponClasses>
      <li>RangedHeavy</li>
    </weaponClasses>
    <statBases>
      <WorkToMake>34000</WorkToMake>
      <Mass>8.5</Mass>
      <AccuracyTouch>0.60</AccuracyTouch>
      <AccuracyShort>0.58</AccuracyShort>
      <AccuracyMedium>0.55</AccuracyMedium>
      <AccuracyLong>0.26</AccuracyLong>
      <RangedWeapon_Cooldown>1.8</RangedWeapon_Cooldown>
    </statBases>
    <costList>
      <Steel>80</Steel>
      <ComponentIndustrial>5</ComponentIndustrial>
    </costList>
    <recipeMaker>
      <researchPrerequisite>GasOperation</researchPrerequisite>
      <skillRequirements>
        <Crafting>5</Crafting>
      </skillRequirements>
      <displayPriority>415</displayPriority>
    </recipeMaker>
    <verbs>
      <li>
        <verbClass>Verb_Shoot</verbClass>
        <hasStandardCommand>true</hasStandardCommand>
        <defaultProjectile>Bullet_LMG</defaultProjectile>
        <warmupTime>1.8</warmupTime>
        <range>25.9</range>
        <ticksBetweenBurstShots>6</ticksBetweenBurstShots>
        <burstShotCount>12</burstShotCount>
        <soundCast>Shot_Minigun</soundCast>
        <soundCastTail>GunTail_Medium</soundCastTail>
        <muzzleFlashScale>9</muzzleFlashScale>
      </li>
    </verbs>
    <weaponTags>
      <li>Mg15</li>
    </weaponTags>
    <tools>
      <li>
        <label>stock</label>
        <capacities>
          <li>Blunt</li>
        </capacities>
        <power>9</power>
        <cooldownTime>2</cooldownTime>
      </li>
      <li>
        <label>barrel</label>
        <capacities>
          <li>Blunt</li>
          <li>Poke</li>
        </capacities>
        <power>10</power>
        <cooldownTime>2</cooldownTime>
      </li>
    </tools>
  </ThingDef>
  <ThingDef ParentName="WWGun">
    <defName>WW_Na4A</defName>
    <label>experimental automatic rifle</label>
    <description>Experimental bullpup automatic rifle with light machine gun level firepower and relatively long range.</description>
    <graphicData>
      <texPath>Weapons/WW_Na4</texPath>
      <graphicClass>Graphic_Single</graphicClass>
      <drawSize>1.1</drawSize>
    </graphicData>
    <soundInteract>Interact_Rifle</soundInteract>
    <recipeMaker>
      <recipeUsers>
        <li>TableMachining</li>
      </recipeUsers>
      <researchPrerequisite>PrecisionRifling</researchPrerequisite>
      <skillRequirements>
        <Crafting>6</Crafting>
      </skillRequirements>
    </recipeMaker>
    <statBases>
      <WorkToMake>30000</WorkToMake>
      <Mass>2.5</Mass>
      <AccuracyTouch>0.60</AccuracyTouch>
      <AccuracyShort>0.50</AccuracyShort>
      <AccuracyMedium>0.35</AccuracyMedium>
      <AccuracyLong>0.25</AccuracyLong>
      <RangedWeapon_Cooldown>1.5</RangedWeapon_Cooldown>
    </statBases>
    <costList>
      <Steel>75</Steel>
      <ComponentIndustrial>6</ComponentIndustrial>
    </costList>
    <verbs>
      <li>
        <verbClass>Verb_Shoot</verbClass>
        <hasStandardCommand>true</hasStandardCommand>
        <defaultProjectile>Bullet_IntermediateCartridge</defaultProjectile>
        <warmupTime>1.5</warmupTime>
        <range>29</range>
        <burstShotCount>6</burstShotCount>
        <ticksBetweenBurstShots>7</ticksBetweenBurstShots>
        <soundCast>Shot_AssaultRifle</soundCast>
        <soundCastTail>GunTail_Medium</soundCastTail>
        <muzzleFlashScale>9</muzzleFlashScale>
      </li>
    </verbs>
    <weaponTags>
	 <li>Gun</li>
      <li>IndustrialGunAdvanced</li>
	   <li>AssaultRifle</li>
      <li>WWGuns</li>
      <li>Auto</li>
    </weaponTags>
    <tools>
      <li>
        <label>stock</label>
        <capacities>
          <li>Blunt</li>
        </capacities>
        <power>12</power>
        <cooldownTime>2.2</cooldownTime>
      </li>
      <li>
        <label>barrel</label>
        <capacities>
          <li>Blunt</li>
          <li>Poke</li>
        </capacities>
        <power>10</power>
        <cooldownTime>2</cooldownTime>
      </li>
    </tools>
  </ThingDef>
  <ThingDef ParentName="WWGun">
    <defName>WW_Na4M</defName>
    <label>experimental Magnetic rifle</label>
    <description>An experimental rifle，Magnetic track is added to improve range, and white phosphorus smoke grenade can be launched.</description>
    <graphicData>
      <texPath>Weapons/WW_Na4M</texPath>
      <graphicClass>Graphic_Single</graphicClass>
      <drawSize>1.46</drawSize>
    </graphicData>
    <soundInteract>Interact_Rifle</soundInteract>
    <recipeMaker>
      <recipeUsers>
        <li>TableMachining</li>
      </recipeUsers>
      <researchPrerequisite>PrecisionRifling</researchPrerequisite>
      <skillRequirements>
        <Crafting>6</Crafting>
      </skillRequirements>
    </recipeMaker>
    <statBases>
      <WorkToMake>30000</WorkToMake>
      <Mass>2.5</Mass>
      <AccuracyTouch>0.60</AccuracyTouch>
      <AccuracyShort>0.45</AccuracyShort>
      <AccuracyMedium>0.45</AccuracyMedium>
      <AccuracyLong>0.35</AccuracyLong>
      <RangedWeapon_Cooldown>1.5</RangedWeapon_Cooldown>
    </statBases>
    <costList>
      <Steel>75</Steel>
      <ComponentIndustrial>12</ComponentIndustrial>
	  <Plasteel>20</Plasteel>
    </costList>
    <verbs>
      <li>
        <verbClass>Verb_Shoot</verbClass>
        <hasStandardCommand>true</hasStandardCommand>
        <defaultProjectile>Bullet_762BP</defaultProjectile>
        <warmupTime>1.5</warmupTime>
        <range>32.9</range>
        <burstShotCount>8</burstShotCount>
        <ticksBetweenBurstShots>5</ticksBetweenBurstShots>
        <soundCast>WW_NA4_fire</soundCast>
        <soundCastTail>GunTail_Medium</soundCastTail>
        <muzzleFlashScale>9</muzzleFlashScale>
      </li>
    </verbs>
    <comps>
      <li Class="WeaponUtilityIII.CompProperties_SecondaryVerb">
        <verbProps>
          <verbClass>Verb_Shoot</verbClass>
          <hasStandardCommand>true</hasStandardCommand>
          <defaultProjectile>MYDE_Bullet_WhitePhosphorus</defaultProjectile>
          <warmupTime>3.5</warmupTime>
          <range>30.9</range>
          <forcedMissRadius>1.9</forcedMissRadius>
          <burstShotCount>1</burstShotCount>
          <soundCast>Shot_IncendiaryLauncher</soundCast>
          <soundCastTail>GunTail_Medium</soundCastTail>
          <muzzleFlashScale>14</muzzleFlashScale>
          <targetParams>
            <canTargetLocations>true</canTargetLocations>
          </targetParams>
        </verbProps>
        <mainWeaponLabel>AR</mainWeaponLabel>
        <mainCommandIcon>UI/AR</mainCommandIcon>
        <secondaryWeaponLabel>Smoke</secondaryWeaponLabel>
        <secondaryCommandIcon>UI/Smoke</secondaryCommandIcon>
        <description>Secondary Weapon</description>
      </li>
    </comps>
    <weaponTags>
	 <li>Gun</li>
      <li>SpacerGun</li>
      <li>WWGuns</li>
      <li>Auto</li>
	  	  <li>Mr</li>
    </weaponTags>
    <tools>
      <li>
        <label>stock</label>
        <capacities>
          <li>Blunt</li>
        </capacities>
        <power>12</power>
        <cooldownTime>2.2</cooldownTime>
      </li>
      <li>
        <label>barrel</label>
        <capacities>
          <li>Blunt</li>
          <li>Poke</li>
        </capacities>
        <power>15</power>
        <cooldownTime>1.5</cooldownTime>
      </li>
    </tools>
  </ThingDef>
  <ThingDef ParentName="WWGun">
    <defName>WW_Tkb</defName>
    <label>experimental carbine</label>
    <description>An experimental carbine with a very special ammunition feeding mechanism, greatly reducing the length of the whole gun.Using HP bullets has good effects on biological targets, but poor effects on heavy targets</description>
    <graphicData>
      <texPath>Weapons/WW_Tkb</texPath>
      <graphicClass>Graphic_Single</graphicClass>
      <drawSize>1.1</drawSize>
    </graphicData>
    <soundInteract>Interact_Rifle</soundInteract>
    <recipeMaker>
      <recipeUsers>
        <li>TableMachining</li>
      </recipeUsers>
      <researchPrerequisite>GasOperation</researchPrerequisite>
      <skillRequirements>
        <Crafting>6</Crafting>
      </skillRequirements>
    </recipeMaker>
    <statBases>
      <WorkToMake>30000</WorkToMake>
      <Mass>2.5</Mass>
      <AccuracyTouch>0.60</AccuracyTouch>
      <AccuracyShort>0.80</AccuracyShort>
      <AccuracyMedium>0.65</AccuracyMedium>
      <AccuracyLong>0.45</AccuracyLong>
      <RangedWeapon_Cooldown>1.5</RangedWeapon_Cooldown>
    </statBases>
    <costList>
      <Steel>75</Steel>
      <ComponentIndustrial>6</ComponentIndustrial>
    </costList>
    <verbs>
      <li>
        <verbClass>Verb_Shoot</verbClass>
        <hasStandardCommand>true</hasStandardCommand>
        <defaultProjectile>Bullet_762HP</defaultProjectile>
        <warmupTime>0.9</warmupTime>
        <range>26.9</range>
        <burstShotCount>3</burstShotCount>
        <ticksBetweenBurstShots>10</ticksBetweenBurstShots>
        <soundCast>Shot_AssaultRifle</soundCast>
        <soundCastTail>GunTail_Medium</soundCastTail>
        <muzzleFlashScale>9</muzzleFlashScale>
      </li>
    </verbs>
    <weaponTags>
	 <li>Gun</li>
	   <li>AssaultRifle</li>
      <li>WWGuns</li>
      <li>Auto</li>
		  <li>Tkb</li>
    </weaponTags>
    <tools>
      <li>
        <label>stock</label>
        <capacities>
          <li>Blunt</li>
        </capacities>
        <power>12</power>
        <cooldownTime>2.2</cooldownTime>
      </li>
      <li>
        <label>barrel</label>
        <capacities>
          <li>Blunt</li>
          <li>Poke</li>
        </capacities>
        <power>10</power>
        <cooldownTime>2</cooldownTime>
      </li>
    </tools>
  </ThingDef>
  
    <ThingDef ParentName="WWGun">
    <defName>WW_TkbAPI</defName>
    <label>experimental carbine（API）</label>
    <description>An experimental carbine with a very special ammunition feeding mechanism, greatly reducing the length of the whole gun.It use of armor piercing incendiary bullets is very effective against biological targets</description>
    <graphicData>
      <texPath>Weapons/WW_TkbAPI</texPath>
      <graphicClass>Graphic_Single</graphicClass>
      <drawSize>1.1</drawSize>
    </graphicData>
    <soundInteract>Interact_Rifle</soundInteract>
    <recipeMaker>
      <recipeUsers>
        <li>TableMachining</li>
      </recipeUsers>
      <researchPrerequisite>GasOperation</researchPrerequisite>
      <skillRequirements>
        <Crafting>6</Crafting>
      </skillRequirements>
    </recipeMaker>
    <statBases>
      <WorkToMake>30000</WorkToMake>
      <Mass>2.5</Mass>
      <AccuracyTouch>0.60</AccuracyTouch>
      <AccuracyShort>0.80</AccuracyShort>
      <AccuracyMedium>0.65</AccuracyMedium>
      <AccuracyLong>0.45</AccuracyLong>
      <RangedWeapon_Cooldown>1.5</RangedWeapon_Cooldown>
    </statBases>
    <costList>
      <Steel>75</Steel>
      <ComponentIndustrial>10</ComponentIndustrial>
    </costList>
    <verbs>
      <li>
        <verbClass>Verb_Shoot</verbClass>
        <hasStandardCommand>true</hasStandardCommand>
        <defaultProjectile>Bullet_762BZ</defaultProjectile>
        <warmupTime>1</warmupTime>
        <range>26.9</range>
        <burstShotCount>3</burstShotCount>
        <ticksBetweenBurstShots>10</ticksBetweenBurstShots>
        <soundCast>Shot_AssaultRifle</soundCast>
        <soundCastTail>GunTail_Medium</soundCastTail>
        <muzzleFlashScale>9</muzzleFlashScale>
      </li>
    </verbs>
    <weaponTags>
	 <li>Gun</li>
 <li>AssaultRifle</li>
      <li>WWGuns</li>
      <li>Auto</li>
		  <li>Tkb</li>
    </weaponTags>
    <tools>
      <li>
        <label>stock</label>
        <capacities>
          <li>Blunt</li>
        </capacities>
        <power>12</power>
        <cooldownTime>2.2</cooldownTime>
      </li>
      <li>
        <label>barrel</label>
        <capacities>
          <li>Blunt</li>
          <li>Poke</li>
        </capacities>
        <power>10</power>
        <cooldownTime>2</cooldownTime>
      </li>
    </tools>
  </ThingDef>
  
  <ThingDef ParentName="BaseBullet">
    <defName>Bullet_IntermediateCartridge</defName>
    <label>AR bullet</label>
    <graphicData>
      <texPath>Things/Projectile/Bullet_Small</texPath>
      <graphicClass>Graphic_Single</graphicClass>
    </graphicData>
    <projectile>
      <damageDef>Bullet</damageDef>
      <damageAmountBase>10</damageAmountBase>
	  <stoppingPower>1</stoppingPower>
      <speed>60</speed>
    </projectile>
  </ThingDef>
  
    <ThingDef ParentName="BaseBullet">
    <defName>Bullet_762HP</defName>
    <label>762HP</label>
    <graphicData>
      <texPath>Things/Projectile/Bullet_Small</texPath>
      <graphicClass>Graphic_Single</graphicClass>
    </graphicData>
    <projectile>
      <damageDef>Bullet</damageDef>
      <damageAmountBase>16</damageAmountBase>
	  <armorPenetrationBase>0.05</armorPenetrationBase>
	  <stoppingPower>2</stoppingPower>
      <speed>55</speed>
    </projectile>
  </ThingDef>
  
      <ThingDef ParentName="BaseBullet">
    <defName>Bullet_762BP</defName>
    <label>762BP</label>
    <graphicData>
      <texPath>Things/Projectile/Bullet_Small</texPath>
      <graphicClass>Graphic_Single</graphicClass>
    </graphicData>
    <projectile>
      <damageDef>Bullet</damageDef>
      <damageAmountBase>9</damageAmountBase>
	  <armorPenetrationBase>0.35</armorPenetrationBase>
	  <stoppingPower>1</stoppingPower>
      <speed>75</speed>
    </projectile>
  </ThingDef>
  
        <ThingDef ParentName="BaseBullet">
    <defName>Bullet_762BZ</defName>
    <label>762BZ</label>
    <graphicData>
      <texPath>Things/Projectile/Bullet_Small</texPath>
      <graphicClass>Graphic_Single</graphicClass>
    </graphicData>
    <projectile>
      <damageDef>Bullet</damageDef>
      <damageAmountBase>9</damageAmountBase>
	  <armorPenetrationBase>0.30</armorPenetrationBase>
	  			<extraDamages>
				<li>
					<def>Burn</def>
					<amount>9</amount>
				</li>
			</extraDamages>
	  <stoppingPower>1</stoppingPower>
      <speed>60</speed>
    </projectile>
  </ThingDef>
  
  
  <ThingDef ParentName="WWGun">
    <defName>WW_TkbM</defName>
    <label>experimental Magnetic carbine</label>
    <description>An experimental carbine with a very special ammunition feeding mechanism, greatly reducing the length of the whole gun.Magnetic track is added to improve range, and white phosphorus smoke grenade can be launched.</description>
    <graphicData>
      <texPath>Weapons/WW_TkbM</texPath>
      <graphicClass>Graphic_Single</graphicClass>
      <drawSize>1.46</drawSize>
    </graphicData>
    <soundInteract>Interact_Rifle</soundInteract>
    <recipeMaker>
      <recipeUsers>
        <li>TableMachining</li>
      </recipeUsers>
      <researchPrerequisite>MicroelectronicsBasics</researchPrerequisite>
      <skillRequirements>
        <Crafting>6</Crafting>
      </skillRequirements>
    </recipeMaker>
    <statBases>
      <WorkToMake>30000</WorkToMake>
      <Mass>2.5</Mass>
      <AccuracyTouch>0.80</AccuracyTouch>
      <AccuracyShort>0.60</AccuracyShort>
      <AccuracyMedium>0.75</AccuracyMedium>
      <AccuracyLong>0.45</AccuracyLong>
      <RangedWeapon_Cooldown>1.5</RangedWeapon_Cooldown>
    </statBases>
    <costList>
      <Steel>75</Steel>
      <ComponentIndustrial>12</ComponentIndustrial>
	  <Plasteel>20</Plasteel>
    </costList>
    <verbs>
      <li>
        <verbClass>Verb_Shoot</verbClass>
        <hasStandardCommand>true</hasStandardCommand>
        <defaultProjectile>Bullet_762BP</defaultProjectile>
        <warmupTime>0.7</warmupTime>
        <range>30.9</range>
        <burstShotCount>4</burstShotCount>
        <ticksBetweenBurstShots>6</ticksBetweenBurstShots>
        <soundCast>WW_NA4_fire</soundCast>
        <soundCastTail>GunTail_Medium</soundCastTail>
        <muzzleFlashScale>9</muzzleFlashScale>
      </li>
    </verbs>
    <comps>
      <li Class="WeaponUtilityIII.CompProperties_SecondaryVerb">
        <verbProps>
          <verbClass>Verb_Shoot</verbClass>
          <hasStandardCommand>true</hasStandardCommand>
          <defaultProjectile>MYDE_Bullet_WhitePhosphorus</defaultProjectile>
          <warmupTime>3.5</warmupTime>
          <range>23.9</range>
          <forcedMissRadius>1.9</forcedMissRadius>
          <burstShotCount>1</burstShotCount>
          <soundCast>Shot_IncendiaryLauncher</soundCast>
          <soundCastTail>GunTail_Medium</soundCastTail>
          <muzzleFlashScale>14</muzzleFlashScale>
          <targetParams>
            <canTargetLocations>true</canTargetLocations>
          </targetParams>
        </verbProps>
        <mainWeaponLabel>AR</mainWeaponLabel>
        <mainCommandIcon>UI/AR</mainCommandIcon>
        <secondaryWeaponLabel>Smoke</secondaryWeaponLabel>
        <secondaryCommandIcon>UI/Smoke</secondaryCommandIcon>
        <description>Secondary Weapon</description>
      </li>
    </comps>
    <weaponTags>
	 <li>Gun</li>
      <li>SpacerGun</li>
      <li>WWGuns</li>
      <li>Auto</li>
	  <li>Mr</li>
	  <li>Tkb</li>
    </weaponTags>
    <tools>
      <li>
        <label>stock</label>
        <capacities>
          <li>Blunt</li>
        </capacities>
        <power>12</power>
        <cooldownTime>2.2</cooldownTime>
      </li>
      <li>
        <label>barrel</label>
        <capacities>
          <li>Blunt</li>
          <li>Poke</li>
        </capacities>
        <power>15</power>
        <cooldownTime>1.5</cooldownTime>
      </li>
    </tools>
  </ThingDef>
  <!--冲锋-->
  <ThingDef ParentName="PawnFlyerBase">
    <defName>PawnJumper_Dash</defName>
    <thingClass>MYDE_ExGTWorldWar.PawnJumper_Dash</thingClass>
    <pawnFlyer>
      <flightDurationMin>0.5</flightDurationMin>
      <flightSpeed>7</flightSpeed>
    </pawnFlyer>
  </ThingDef>
  <!--白磷弹-->
  <ThingDef ParentName="BaseBullet">
    <defName>MYDE_Bullet_WhitePhosphorus</defName>
    <label>White phosphorus bomb</label>
    <graphicData>
      <texPath>Things/Projectile/LauncherShot</texPath>
      <graphicClass>Graphic_Single</graphicClass>
      <shaderType>TransparentPostLight</shaderType>
      <color>(140,135,156)</color>
    </graphicData>
    <thingClass>Projectile_Explosive</thingClass>
    <projectile>
      <speed>40</speed>
      <damageDef>MYDE_Damage_WhitePhosphorus</damageDef>
      <explosionRadius>2.4</explosionRadius>
      <postExplosionGasType>BlindSmoke</postExplosionGasType>
      <ai_IsIncendiary>true</ai_IsIncendiary>
      <arcHeightFactor>0.2</arcHeightFactor>
      <shadowSize>0.6</shadowSize>
      <screenShakeFactor>0.5</screenShakeFactor>
    </projectile>
  </ThingDef>
  <DamageDef ParentName="Flame">
    <defName>MYDE_Damage_WhitePhosphorus</defName>
    <additionalHediffs>
      <li>
        <hediff>MYDE_Hediff_WhitePhosphorus</hediff>
        <severityPerDamageDealt>1</severityPerDamageDealt>
        <inverseStatScaling>true</inverseStatScaling>
        <victimSeverityScalingByInvBodySize>true</victimSeverityScalingByInvBodySize>
      </li>
    </additionalHediffs>
  </DamageDef>
 <HediffDef><defName>MYDE_Hediff_WhitePhosphorus</defName>
 <label>White phosphorus adhesion</label>
 <description>White phosphorus adheres to the body, and the flame will ignite repeatedly</description>
 <hediffClass>HediffWithComps</hediffClass>
 <scenarioCanAdd>true</scenarioCanAdd>
 <isBad>true</isBad>
 <everCurableByItem>false</everCurableByItem>
 <initialSeverity>1</initialSeverity>
 <maxSeverity>1</maxSeverity>
 <comps>
 <li Class="MYDE_ExGTWorldWar.CompProperties_WhitePhosphorus">
 </li>
    <li Class="HediffCompProperties_Disappears">
        <disappearsAfterTicks>900</disappearsAfterTicks>
      </li>
 </comps>
 </HediffDef>
</Defs>