﻿<?xml version="1.0" encoding="utf-8"?>
<Patch>
  <!--修改GraphicData-->
  <Operation Class="PatchOperationFindMod">
    <mods>
      <li>[NL] Facial Animation - WIP</li>
    </mods>
    <match Class="PatchOperationReplace">
      <success>Always</success>
      <xpath>Defs/PawnKindDef[defName="WW_TheDead"]/lifeStages</xpath>
      <value>
        <lifeStages>
          <li>
            <bodyGraphicData>
              <texPath>Pawn/WW_TheDead_FA</texPath>
              <graphicClass>Graphic_Multi</graphicClass>
              <drawSize>1.4</drawSize>
            </bodyGraphicData>
          </li>
        </lifeStages>
      </value>
    </match>
  </Operation>
</Patch>