﻿<?xml version="1.0" encoding="utf-8"?>

<ModMetaData>
	<name>ExGT WorldWar</name>
	<author>小面包</author>
	<supportedVersions>
		<li>1.4</li>
		<li>1.5</li>
	</supportedVersions>
	<packageId>XMB.ExGTWorldWar</packageId>
	<description>这个mod添加了一些世界大战时期的实验装备与武器.</description>
	<loadAfter>
		<li>Ludeon.RimWorld</li>
		<li>Ludeon.RimWorld.Biotech</li>
		<li>CETeam.CombatExtended</li>
	</loadAfter>
	<loadBefore>
		<li>aoba.deadmanswitch.core</li>
	</loadBefore>
</ModMetaData>